Profile,Reel,Views,Likes,Comments
pov_husband,https://www.instagram.com/pov_husband/reel/DBd_dbLvZsE/,92905279,4497758,59670
pov_husband,https://www.instagram.com/pov_husband/reel/DBjDVXfPL9n/,64710513,3329668,15882
pov_husband,https://www.instagram.com/pov_husband/reel/DB_lKFPvk5K/,35479150,3153665,22836
pov_husband,https://www.instagram.com/pov_husband/reel/DDw5Dv2JfIm/,35578039,1845096,12253
pov_husband,https://www.instagram.com/pov_husband/reel/DHBRRQqRSPC/,27111964,1787811,9203
pov_husband,https://www.instagram.com/pov_husband/reel/DGx7rWhPiLw/,26302641,1436188,7197
pov_husband,https://www.instagram.com/pov_husband/reel/DB3w1wjPbp7/,32245339,1393533,12256
pov_husband,https://www.instagram.com/pov_husband/reel/DC1p5Llp8wI/,22691350,1322863,9754
pov_husband,https://www.instagram.com/pov_husband/reel/DEFgebgp8Ol/,29912417,1214654,5525
pov_husband,https://www.instagram.com/pov_husband/reel/DEkhDF7Pbot/,17017809,1201845,4361
pov_husband,https://www.instagram.com/pov_husband/reel/DC624_vvi2B/,23695655,1184618,5798
pov_husband,https://www.instagram.com/pov_husband/reel/DESbvRSvcSE/,19582327,1124563,7804
pov_husband,https://www.instagram.com/pov_husband/reel/DALmTpPPytw/,23658075,812373,1244
pov_husband,https://www.instagram.com/pov_husband/reel/DAQxoKMvWcR/,8652677,793081,1992
pov_husband,https://www.instagram.com/pov_husband/reel/DCKErLZPuJ9/,14719014,760634,15385
pov_husband,https://www.instagram.com/pov_husband/reel/DByg1V3PpEA/,28717555,747671,7492
pov_husband,https://www.instagram.com/pov_husband/reel/DDHzHjsvOkS/,34501731,678775,2367
pov_husband,https://www.instagram.com/pov_husband/reel/DA0zEtfPfuz/,18467826,568284,2112
pov_husband,https://www.instagram.com/pov_husband/reel/C_a1DcSv6DY/,8903308,549216,5428
pov_husband,https://www.instagram.com/pov_husband/reel/DBRIcrJvamb/,9868786,548092,4086
pov_husband,https://www.instagram.com/pov_husband/reel/DEKz6MGPjsd/,7688744,512248,4810
pov_husband,https://www.instagram.com/pov_husband/reel/DArEPFuSQ8k/,23662396,499046,1995
pov_husband,https://www.instagram.com/pov_husband/reel/DGdaa9CpGia/,5573882,459947,4426
pov_husband,https://www.instagram.com/pov_husband/reel/DCMfOq4PdKV/,11470991,449736,5317
pov_husband,https://www.instagram.com/pov_husband/reel/DDXBjmypKE5/,7376420,416282,1518
pov_husband,https://www.instagram.com/pov_husband/reel/DFDYiUPvIdL/,8620949,393577,5237
pov_husband,https://www.instagram.com/pov_husband/reel/DCee78fPN0Z/,7707581,387394,3326
pov_husband,https://www.instagram.com/pov_husband/reel/DAlitB6veW-/,12980911,350754,2145
pov_husband,https://www.instagram.com/pov_husband/reel/DF0N882p7k9/,6722844,328141,3176
pov_husband,https://www.instagram.com/pov_husband/reel/DAD1QMzv0gM/,4208344,319995,5826
pov_husband,https://www.instagram.com/pov_husband/reel/C_lAEf4Jf9X/,7028852,297926,2142
pov_husband,https://www.instagram.com/pov_husband/reel/DFxqDaXJo8a/,12146321,288395,1295
pov_husband,https://www.instagram.com/pov_husband/reel/DFdCOXnJZ9C/,10688352,269166,1601
pov_husband,https://www.instagram.com/pov_husband/reel/DDZrU6qpYr6/,4503741,266988,3668
pov_husband,https://www.instagram.com/pov_husband/reel/DB9DCHMviQ2/,9259068,264019,2672
pov_husband,https://www.instagram.com/pov_husband/reel/DF5Zz2_puf-/,6273691,228545,2017
pov_husband,https://www.instagram.com/pov_husband/reel/DF77YW3JgTL/,4679294,221468,766
pov_husband,https://www.instagram.com/pov_husband/reel/DDmmkMzPAOO/,10517800,219162,2253
pov_husband,https://www.instagram.com/pov_husband/reel/DCb4sf8PBb4/,10663029,211473,714
pov_husband,https://www.instagram.com/pov_husband/reel/DEPqa2EJ3-w/,5545286,208547,1051
pov_husband,https://www.instagram.com/pov_husband/reel/DE5FP2LvoCH/,3396522,196202,2181
pov_husband,https://www.instagram.com/pov_husband/reel/DCHUJYIvOUX/,5090364,195028,719
pov_husband,https://www.instagram.com/pov_husband/reel/DCR12DvyBER/,9500753,188465,1084
pov_husband,https://www.instagram.com/pov_husband/reel/DBMBNb7PBpA/,3317569,187988,1562
pov_husband,https://www.instagram.com/pov_husband/reel/DEsK1KhJaoZ/,3549758,186112,2277
pov_husband,https://www.instagram.com/pov_husband/reel/DBJXtR1PBjx/,3126229,181562,322
pov_husband,https://www.instagram.com/pov_husband/reel/C_-wvxLP-wa/,2147669,177727,1097
pov_husband,https://www.instagram.com/pov_husband/reel/DGVp3fqpkn-/,3479656,177442,2042
pov_husband,https://www.instagram.com/pov_husband/reel/DCt8QYEvFWy/,15827454,173912,1320
pov_husband,https://www.instagram.com/pov_husband/reel/C_3EK8HvAld/,4232232,166214,233
pov_husband,https://www.instagram.com/pov_husband/reel/DCErOBAPTh6/,3387339,163098,1126
pov_husband,https://www.instagram.com/pov_husband/reel/DChJ078v2cU/,4175113,159026,582
pov_husband,https://www.instagram.com/pov_husband/reel/DFnUJuxJohC/,3482209,156527,1137
pov_husband,https://www.instagram.com/pov_husband/reel/DENSYVmvSS6/,3953656,150961,691
pov_husband,https://www.instagram.com/pov_husband/reel/DBbYhbmvrRT/,4785766,146186,462
pov_husband,https://www.instagram.com/pov_husband/reel/DFIV5jXp0r2/,3003085,145136,1544
pov_husband,https://www.instagram.com/pov_husband/reel/DCWq1MYJhcx/,3458481,144797,610
pov_husband,https://www.instagram.com/pov_husband/reel/DA9scHtSgOe/,4128003,143157,248
pov_husband,https://www.instagram.com/pov_husband/reel/C_TASHppRw4/,3408870,141306,781
pov_husband,https://www.instagram.com/pov_husband/reel/DGTCevSp_Fg/,2220386,140263,2984
pov_husband,https://www.instagram.com/pov_husband/reel/C_QbAsNJSyY/,4931242,139608,183
pov_husband,https://www.instagram.com/pov_husband/reel/DGlHeyapLn8/,5597075,138725,1088
pov_husband,https://www.instagram.com/pov_husband/reel/DEfWo0ov56q/,4308135,137477,454
pov_husband,https://www.instagram.com/pov_husband/reel/DEaB559p7y7/,4097978,131968,1156
pov_husband,https://www.instagram.com/pov_husband/reel/C_ssqjjpy9W/,4152426,130374,705
pov_husband,https://www.instagram.com/pov_husband/reel/DDkR2_KvuOf/,4018936,130074,1531
pov_husband,https://www.instagram.com/pov_husband/reel/DDM-nDbPHio/,3974284,126606,514
pov_husband,https://www.instagram.com/pov_husband/reel/DEU_JLapBbo/,2952014,125420,722
pov_husband,https://www.instagram.com/pov_husband/reel/DEIGCh2J2-A/,3921562,124012,671
pov_husband,https://www.instagram.com/pov_husband/reel/DD4pVrJPp0C/,9983500,122804,604
pov_husband,https://www.instagram.com/pov_husband/reel/DEXmav-vFjt/,6874569,122469,624
pov_husband,https://www.instagram.com/pov_husband/reel/DBqzAfpPwN2/,4399930,120579,679
pov_husband,https://www.instagram.com/pov_husband/reel/DGN9tN4pahv/,2570070,117651,810
pov_husband,https://www.instagram.com/pov_husband/reel/DCo5MkfvQIR/,3956518,116020,1988
pov_husband,https://www.instagram.com/pov_husband/reel/C_VhDi0PEPe/,4921120,114883,403
pov_husband,https://www.instagram.com/pov_husband/reel/DBTvTp7vZL9/,2788641,112649,248
pov_husband,https://www.instagram.com/pov_husband/reel/DHLwxAvJxbM/,3222376,110999,881
pov_husband,https://www.instagram.com/pov_husband/reel/DAgErjOPZ6-/,2537972,108963,489
pov_husband,https://www.instagram.com/pov_husband/reel/DEARoDDJbdd/,3873497,103306,836
pov_husband,https://www.instagram.com/pov_husband/reel/DBWSr2iPrFt/,3734533,101491,257
pov_husband,https://www.instagram.com/pov_husband/reel/DGYNcidp_J_/,5743719,100147,790
pov_husband,https://www.instagram.com/pov_husband/reel/DGIznSvppds/,2626051,98525,777
pov_husband,https://www.instagram.com/pov_husband/reel/DEbFYSpyOnv/,4705850,98001,402
pov_husband,https://www.instagram.com/pov_husband/reel/DGBIJ-npJkg/,3243517,96199,1139
pov_husband,https://www.instagram.com/pov_husband/reel/DEz_qFEvJ3b/,3895244,95601,844
pov_husband,https://www.instagram.com/pov_husband/reel/C_vTswavaAS/,3481696,94505,566
pov_husband,https://www.instagram.com/pov_husband/reel/DEuqrtyJTrN/,2193847,93970,554
pov_husband,https://www.instagram.com/pov_husband/reel/DFLFKzKP247/,2712857,93564,550
pov_husband,https://www.instagram.com/pov_husband/reel/DDCm-Ycvp-V/,1995085,92375,1057
pov_husband,https://www.instagram.com/pov_husband/reel/DG0kQiGJ2Cm/,2316238,89684,965
pov_husband,https://www.instagram.com/pov_husband/reel/DEcuXJBP7Cw/,1634979,85110,1165
pov_husband,https://www.instagram.com/pov_husband/reel/DA7Mf62ShmB/,1859166,84974,579
pov_husband,https://www.instagram.com/pov_husband/reel/DHWA4tjvLqB/,3372609,83207,807
pov_husband,https://www.instagram.com/pov_husband/reel/DD17aEjJqGX/,3513040,79361,855
pov_husband,https://www.instagram.com/pov_husband/reel/DFiIm_VpCmR/,2128779,79310,1122
pov_husband,https://www.instagram.com/pov_husband/reel/DDuMqAjJgLz/,2549169,78894,410
pov_husband,https://www.instagram.com/pov_husband/reel/DDLCLezT4iF/,3017540,77610,390
pov_husband,https://www.instagram.com/pov_husband/reel/DCj7Hp9SBgF/,1870127,75505,698
pov_husband,https://www.instagram.com/pov_husband/reel/DCCLra4PMme/,2265579,74268,1513
pov_husband,https://www.instagram.com/pov_husband/reel/DEpqBkvPKvv/,2203497,73481,402
pov_husband,https://www.instagram.com/pov_husband/reel/DHTQMplxyjx/,3554628,73354,931
pov_husband,https://www.instagram.com/pov_husband/reel/DFfibmFJ733/,2802698,73059,495
pov_husband,https://www.instagram.com/pov_husband/reel/DGilXqdRcvn/,1557634,69413,712
pov_husband,https://www.instagram.com/pov_husband/reel/DCUOd4YPeev/,2259488,69398,692
pov_husband,https://www.instagram.com/pov_husband/reel/DHrDFH4T0zh/,1738611,69134,473
pov_husband,https://www.instagram.com/pov_husband/reel/DAENc6TPmhk/,2708273,67485,250
pov_husband,https://www.instagram.com/pov_husband/reel/DHGfMpbRFOK/,1173347,67238,778
pov_husband,https://www.instagram.com/pov_husband/reel/DG5zlTUpke5/,2273015,66170,846
pov_husband,https://www.instagram.com/pov_husband/reel/DFQOV2JP6OS/,2039291,62629,516
pov_husband,https://www.instagram.com/pov_husband/reel/DCr5QSbTsP_/,1909558,60947,980
pov_husband,https://www.instagram.com/pov_husband/reel/DA_AEjPPJKo/,2462085,59850,463
pov_husband,https://www.instagram.com/pov_husband/reel/DFsoOgWv22K/,1842064,59669,480
pov_husband,https://www.instagram.com/pov_husband/reel/DH1GKb1z8p2/,1249779,59581,420
pov_husband,https://www.instagram.com/pov_husband/reel/DFVU7HYJ2K-/,1660966,58182,422
pov_husband,https://www.instagram.com/pov_husband/reel/DAbGoLePWGR/,2673656,57846,345
pov_husband,https://www.instagram.com/pov_husband/reel/DAGeghuv0rv/,1156581,57713,432
pov_husband,https://www.instagram.com/pov_husband/reel/DC_-_sbPffX/,1465369,57456,488
pov_husband,https://www.instagram.com/pov_husband/reel/DG8ZUJHpTiE/,1603268,57366,323
pov_husband,https://www.instagram.com/pov_husband/reel/DHlib3HpTgz/,2809472,57230,470
pov_husband,https://www.instagram.com/pov_husband/reel/C_5jvWSvt9I/,875922,56828,1465
pov_husband,https://www.instagram.com/pov_husband/reel/DDr2RA3Pdv4/,1380540,56663,373
pov_husband,https://www.instagram.com/pov_husband/reel/C_nl7QIJ7Mg/,2136611,56422,906
pov_husband,https://www.instagram.com/pov_husband/reel/DFu-XZ5JZTq/,1604573,56380,432
pov_husband,https://www.instagram.com/pov_husband/reel/DEC2RzUpbV4/,2466650,56072,238
pov_husband,https://www.instagram.com/pov_husband/reel/DDPenlDvlFb/,1652365,55456,385
pov_husband,https://www.instagram.com/pov_husband/reel/C_8KE2jPbmX/,1075828,55155,460
pov_husband,https://www.instagram.com/pov_husband/reel/DGa31gzJcwz/,1944547,53537,554
pov_husband,https://www.instagram.com/pov_husband/reel/C_qJOVpPyNX/,1221407,52167,452
pov_husband,https://www.instagram.com/pov_husband/reel/DDFGgJyJ3Ol/,1610297,51861,328
pov_husband,https://www.instagram.com/pov_husband/reel/DAtG-KbPHEB/,2178422,50437,519
pov_husband,https://www.instagram.com/pov_husband/reel/DFNmMIwvkhk/,1474056,50418,386
pov_husband,https://www.instagram.com/pov_husband/reel/DFk7einv1SU/,1223477,48701,570
pov_husband,https://www.instagram.com/pov_husband/reel/DAfHPWEJpXt/,2173422,47991,257
pov_husband,https://www.instagram.com/pov_husband/reel/DB1NetUvnr0/,1852617,47640,234
pov_husband,https://www.instagram.com/pov_husband/reel/DFX6N6APu7F/,1452517,46953,418
pov_husband,https://www.instagram.com/pov_husband/reel/C_mCOdvyewy/,1286674,46481,121
pov_husband,https://www.instagram.com/pov_husband/reel/DHQ5PZ4Jrqf/,1408329,45260,283
pov_husband,https://www.instagram.com/pov_husband/reel/DGs0hdJpRLC/,2021384,45214,1261
pov_husband,https://www.instagram.com/pov_husband/reel/DBz6i45PN0v/,1792662,44487,141
pov_husband,https://www.instagram.com/pov_husband/reel/DHwHKJ3zM4s/,1332848,44171,166
pov_husband,https://www.instagram.com/pov_husband/reel/DBEejhnvEMu/,975551,44060,367
pov_husband,https://www.instagram.com/pov_husband/reel/DGnwWUQpsu2/,1254866,43267,555
pov_husband,https://www.instagram.com/pov_husband/reel/DAoPysKPSQf/,1657871,42948,266
pov_husband,https://www.instagram.com/pov_husband/reel/DExZgotvTrf/,1576862,42766,237
pov_husband,https://www.instagram.com/pov_husband/reel/DDcG8DMJznF/,1409359,42355,315
pov_husband,https://www.instagram.com/pov_husband/reel/DBG-TcDPBj4/,2258221,41975,277
pov_husband,https://www.instagram.com/pov_husband/reel/DAdoYcxP0SW/,1553421,40750,317
pov_husband,https://www.instagram.com/pov_husband/reel/DA3cL45PKve/,1224957,39048,152
pov_husband,https://www.instagram.com/pov_husband/reel/DAwDYHqyVQw/,961450,37258,169
pov_husband,https://www.instagram.com/pov_husband/reel/DFA-prGymEU/,1090267,36433,128
pov_husband,https://www.instagram.com/pov_husband/reel/DAV9T3iPNFV/,1812357,35895,105
pov_husband,https://www.instagram.com/pov_husband/reel/DDhhLWjPHVn/,916805,35653,237
pov_husband,https://www.instagram.com/pov_husband/reel/DBv59oupiLt/,1326564,35402,310
pov_husband,https://www.instagram.com/pov_husband/reel/DGDz-9PvZEi/,2140276,35200,291
pov_husband,https://www.instagram.com/pov_husband/reel/DBoMe94PoHx/,1541705,33970,233
pov_husband,https://www.instagram.com/pov_husband/reel/DAJJfi_PhSH/,1257017,33730,531
pov_husband,https://www.instagram.com/pov_husband/reel/DDeqgmDxdyC/,1090351,32918,214
pov_husband,https://www.instagram.com/pov_husband/reel/DFSwXkAvOYz/,1348817,32585,170
pov_husband,https://www.instagram.com/pov_husband/reel/DEhzFbtJb_I/,1363760,32119,366
pov_husband,https://www.instagram.com/pov_husband/reel/DE7rBWoPDpJ/,1027413,31498,278
pov_husband,https://www.instagram.com/pov_husband/reel/DGQlVV1p_Fl/,958595,31232,163
pov_husband,https://www.instagram.com/pov_husband/reel/C_f9wbav6fm/,1061983,31090,389
pov_husband,https://www.instagram.com/pov_husband/reel/C_ibL0up4y1/,635817,30199,226
pov_husband,https://www.instagram.com/pov_husband/reel/C_N4F7Cvi2M/,772237,30116,203
pov_husband,https://www.instagram.com/pov_husband/reel/DCwhsUhPK5f/,1291542,30037,211
pov_husband,https://www.instagram.com/pov_husband/reel/DCmNCSaPMGG/,1278889,29411,350
pov_husband,https://www.instagram.com/pov_husband/reel/DCiE9Hayey8/,875722,28931,171
pov_husband,https://www.instagram.com/pov_husband/reel/DHdsBf7xD5U/,1000438,28064,231
pov_husband,https://www.instagram.com/pov_husband/reel/DCzFk0kPzp1/,1094901,27651,134
pov_husband,https://www.instagram.com/pov_husband/reel/DHgP89Sx5BU/,1078721,27492,603
pov_husband,https://www.instagram.com/pov_husband/reel/DDSEAQCJZUg/,1171346,26821,169
pov_husband,https://www.instagram.com/pov_husband/reel/DCrR7-oP4sR/,1304178,25105,245
pov_husband,https://www.instagram.com/pov_husband/reel/DAi34OEvJ_A/,551861,23784,424
pov_husband,https://www.instagram.com/pov_husband/reel/DC4RrUNveoV/,1282089,23705,461
pov_husband,https://www.instagram.com/pov_husband/reel/DAON0IaPiHO/,724438,22765,166
pov_husband,https://www.instagram.com/pov_husband/reel/DFaZfXbJgOC/,951449,22474,233
pov_husband,https://www.instagram.com/pov_husband/reel/DCPIz0ivnBt/,901325,21926,217
pov_husband,https://www.instagram.com/pov_husband/reel/DGqXp6opRLn/,924892,21868,677
pov_husband,https://www.instagram.com/pov_husband/reel/DGGL96upxqE/,963295,21705,257
pov_husband,https://www.instagram.com/pov_husband/reel/DCZZbn3vgu1/,813359,21395,125
pov_husband,https://www.instagram.com/pov_husband/reel/DDUlonjPOnO/,1100598,21240,74
pov_husband,https://www.instagram.com/pov_husband/reel/C_YJPD0Ptst/,530020,20485,87
pov_husband,https://www.instagram.com/pov_husband/reel/C_0iSvdPIsR/,516185,20386,206
pov_husband,https://www.instagram.com/pov_husband/reel/DBPAjDuS2LW/,1258138,20183,343
pov_husband,https://www.instagram.com/pov_husband/reel/DHbN0y8pLYY/,674665,19273,188
pov_husband,https://www.instagram.com/pov_husband/reel/DGLaEoJptC7/,758242,18857,113
pov_husband,https://www.instagram.com/pov_husband/reel/DD9yU4PPY9c/,1114732,18596,3796
pov_husband,https://www.instagram.com/pov_husband/reel/DAyNimNv1nh/,971186,18427,96
pov_husband,https://www.instagram.com/pov_husband/reel/DABdEb9vAKb/,496597,17805,112
pov_husband,https://www.instagram.com/pov_husband/reel/DBBrKt6Peur/,712596,16567,93
pov_husband,https://www.instagram.com/pov_husband/reel/DD7H6XtJNE_/,989645,15917,164
pov_husband,https://www.instagram.com/pov_husband/reel/C_x203xJ9PP/,427591,14054,124
pov_husband,https://www.instagram.com/pov_husband/reel/C_ZGgEuSjDn/,654528,13702,40
pov_husband,https://www.instagram.com/pov_husband/reel/DAYcO_MPPOM/,573440,11081,65
pov_husband,https://www.instagram.com/pov_husband/reel/DAZhI4Xy0wp/,807370,10591,81
pov_husband,https://www.instagram.com/pov_husband/reel/C_UGqbcSKhT/,428144,10422,68
pov_husband,https://www.instagram.com/pov_husband/reel/DATcki3PIIN/,417918,9370,66
pov_husband,https://www.instagram.com/pov_husband/reel/DAUfOK2SM2V/,494555,8034,117
pov_husband,https://www.instagram.com/pov_husband/reel/C_RXJdjyGPC/,330155,7959,64
pov_husband,https://www.instagram.com/pov_husband/reel/C_dcTpxPqJO/,414762,6534,166